# id,z0,z1
0,1.00000,0.00000
1,1.00000,0.00000
2,1.00000,0.00000
3,1.00000,0.00000
4,1.00000,0.00000
5,1.00000,0.00000
6,1.00000,0.00000
7,1.00000,0.00000
8,1.00000,0.00000
9,1.00000,0.00000
10,1.00000,0.00000
11,1.00000,0.00000
12,1.00000,0.00000
13,1.00000,0.00000
14,1.00000,0.00000
15,1.00000,0.00000
16,1.00000,0.00000
17,1.00000,0.00000
18,1.00000,0.00000
19,1.00000,0.00000
20,1.00000,0.00000
21,1.00000,0.00000
22,1.00000,0.00000
23,1.00000,0.00000
24,1.00000,0.00000
25,1.00000,0.00000
26,1.00000,0.00000
27,1.00000,0.00000
28,1.00000,0.00000
29,1.00000,0.00000
30,1.00000,0.00000
31,1.00000,0.00000
32,1.00000,0.00000
33,1.00000,0.00000
34,1.00000,0.00000
35,1.00000,0.00000
36,1.00000,0.00000
37,1.00000,0.00000
38,1.00000,0.00000
39,1.00000,0.00000
40,1.00000,0.00000
41,1.00000,0.00000
42,1.00000,0.00000
43,1.00000,0.00000
44,1.00000,0.00000
45,1.00000,0.00000
46,1.00000,0.00000
47,1.00000,0.00000
48,1.00000,0.00000
49,1.00000,0.00000
50,0.99854,0.00146
51,1.00000,0.00000
52,1.00000,0.00000
53,1.00000,0.00000
54,1.00000,0.00000
55,1.00000,0.00000
56,1.00000,0.00000
57,0.79160,0.20840
58,1.00000,0.00000
59,1.00000,0.00000
60,0.99999,0.00001
61,1.00000,0.00000
62,0.89265,0.10735
63,1.00000,0.00000
64,1.00000,0.00000
65,1.00000,0.00000
66,0.99837,0.00163
67,1.00000,0.00000
68,1.00000,0.00000
69,1.00000,0.00000
70,1.00000,0.00000
71,1.00000,0.00000
72,1.00000,0.00000
73,1.00000,0.00000
74,0.99873,0.00127
75,0.95250,0.04750
76,0.99997,0.00003
77,1.00000,0.00000
78,1.00000,0.00000
79,1.00000,0.00000
80,1.00000,0.00000
81,1.00000,0.00000
82,0.99997,0.00003
83,1.00000,0.00000
84,1.00000,0.00000
85,1.00000,0.00000
86,1.00000,0.00000
87,0.05554,0.94446
88,0.99998,0.00002
89,1.00000,0.00000
90,1.00000,0.00000
91,1.00000,0.00000
92,1.00000,0.00000
93,1.00000,0.00000
94,0.99491,0.00509
95,1.00000,0.00000
96,1.00000,0.00000
97,1.00000,0.00000
98,1.00000,0.00000
99,1.00000,0.00000
100,1.00000,0.00000
101,1.00000,0.00000
102,1.00000,0.00000
103,1.00000,0.00000
104,1.00000,0.00000
105,1.00000,0.00000
106,1.00000,0.00000
107,1.00000,0.00000
108,1.00000,0.00000
109,1.00000,0.00000
110,0.99999,0.00001
111,1.00000,0.00000
112,1.00000,0.00000
113,1.00000,0.00000
114,1.00000,0.00000
115,1.00000,0.00000
116,1.00000,0.00000
117,1.00000,0.00000
118,1.00000,0.00000
119,1.00000,0.00000
120,1.00000,0.00000
121,1.00000,0.00000
122,1.00000,0.00000
123,1.00000,0.00000
124,1.00000,0.00000
125,1.00000,0.00000
126,1.00000,0.00000
127,1.00000,0.00000
128,1.00000,0.00000
129,1.00000,0.00000
130,1.00000,0.00000
131,0.99968,0.00032
132,1.00000,0.00000
133,1.00000,0.00000
134,0.99997,0.00003
135,1.00000,0.00000
136,0.62805,0.37195
137,1.00000,0.00000
138,0.99916,0.00084
139,1.00000,0.00000
140,1.00000,0.00000
141,1.00000,0.00000
142,1.00000,0.00000
143,1.00000,0.00000
144,1.00000,0.00000
145,1.00000,0.00000
146,0.99996,0.00004
147,1.00000,0.00000
148,1.00000,0.00000
149,1.00000,0.00000
150,1.00000,0.00000
151,1.00000,0.00000
152,1.00000,0.00000
153,1.00000,0.00000
154,1.00000,0.00000
155,1.00000,0.00000
156,1.00000,0.00000
157,1.00000,0.00000
158,1.00000,0.00000
159,1.00000,0.00000
160,1.00000,0.00000
161,0.99990,0.00010
162,1.00000,0.00000
163,1.00000,0.00000
164,1.00000,0.00000
165,0.99956,0.00044
166,1.00000,0.00000
167,1.00000,0.00000
168,1.00000,0.00000
169,0.97389,0.02611
170,1.00000,0.00000
171,1.00000,0.00000
172,1.00000,0.00000
173,1.00000,0.00000
174,1.00000,0.00000
175,1.00000,0.00000
176,1.00000,0.00000
177,1.00000,0.00000
178,1.00000,0.00000
179,1.00000,0.00000
180,1.00000,0.00000
181,1.00000,0.00000
182,1.00000,0.00000
183,0.99425,0.00575
184,1.00000,0.00000
185,1.00000,0.00000
186,1.00000,0.00000
187,1.00000,0.00000
188,1.00000,0.00000
189,1.00000,0.00000
190,1.00000,0.00000
191,1.00000,0.00000
192,1.00000,0.00000
193,1.00000,0.00000
194,1.00000,0.00000
195,1.00000,0.00000
196,1.00000,0.00000
197,0.98193,0.01807
198,1.00000,0.00000
199,1.00000,0.00000
200,1.00000,0.00000
201,1.00000,0.00000
202,1.00000,0.00000
203,1.00000,0.00000
204,1.00000,0.00000
205,1.00000,0.00000
206,1.00000,0.00000
207,1.00000,0.00000
208,1.00000,0.00000
209,1.00000,0.00000
210,1.00000,0.00000
211,1.00000,0.00000
212,0.99999,0.00001
213,0.99999,0.00001
214,1.00000,0.00000
215,1.00000,0.00000
216,1.00000,0.00000
217,1.00000,0.00000
218,0.99999,0.00001
219,1.00000,0.00000
220,1.00000,0.00000
221,1.00000,0.00000
222,1.00000,0.00000
223,1.00000,0.00000
224,1.00000,0.00000
225,1.00000,0.00000
226,1.00000,0.00000
227,0.99939,0.00061
228,1.00000,0.00000
229,1.00000,0.00000
230,1.00000,0.00000
231,1.00000,0.00000
232,1.00000,0.00000
233,1.00000,0.00000
234,1.00000,0.00000
235,1.00000,0.00000
236,1.00000,0.00000
237,0.99935,0.00065
238,1.00000,0.00000
239,1.00000,0.00000
240,0.99935,0.00065
241,1.00000,0.00000
242,0.99935,0.00065
243,0.90427,0.09573
244,1.00000,0.00000
245,1.00000,0.00000
246,1.00000,0.00000
247,1.00000,0.00000
248,1.00000,0.00000
249,1.00000,0.00000
250,1.00000,0.00000
251,1.00000,0.00000
252,1.00000,0.00000
253,1.00000,0.00000
254,1.00000,0.00000
255,0.99989,0.00011
256,1.00000,0.00000
257,1.00000,0.00000
258,0.13865,0.86135
259,1.00000,0.00000
260,1.00000,0.00000
261,1.00000,0.00000
262,1.00000,0.00000
263,1.00000,0.00000
264,1.00000,0.00000
265,1.00000,0.00000
266,1.00000,0.00000
267,1.00000,0.00000
268,1.00000,0.00000
269,0.99974,0.00026
270,0.88184,0.11816
271,1.00000,0.00000
272,1.00000,0.00000
273,0.93290,0.06710
274,1.00000,0.00000
275,0.99880,0.00120
276,1.00000,0.00000
277,0.99936,0.00064
278,1.00000,0.00000
279,1.00000,0.00000
280,1.00000,0.00000
281,1.00000,0.00000
282,1.00000,0.00000
283,0.99923,0.00077
284,1.00000,0.00000
285,1.00000,0.00000
286,0.99983,0.00017
287,1.00000,0.00000
288,1.00000,0.00000
289,1.00000,0.00000
290,1.00000,0.00000
291,1.00000,0.00000
292,0.99831,0.00169
293,1.00000,0.00000
294,1.00000,0.00000
295,1.00000,0.00000
296,1.00000,0.00000
297,1.00000,0.00000
298,1.00000,0.00000
299,1.00000,0.00000
300,1.00000,0.00000
301,0.99983,0.00017
302,1.00000,0.00000
303,0.89839,0.10161
304,1.00000,0.00000
305,0.99972,0.00028
306,1.00000,0.00000
307,1.00000,0.00000
308,0.89839,0.10161
309,1.00000,0.00000
310,0.99999,0.00001
311,0.99983,0.00017
312,0.99958,0.00042
313,0.99997,0.00003
314,0.99999,0.00001
315,0.99958,0.00042
316,0.99989,0.00011
317,1.00000,0.00000
318,1.00000,0.00000
319,1.00000,0.00000
320,1.00000,0.00000
321,1.00000,0.00000
322,1.00000,0.00000
323,1.00000,0.00000
324,0.99975,0.00025
325,1.00000,0.00000
326,1.00000,0.00000
327,1.00000,0.00000
328,1.00000,0.00000
329,0.84636,0.15364
330,0.95277,0.04723
331,0.99989,0.00011
332,1.00000,0.00000
333,1.00000,0.00000
334,1.00000,0.00000
335,1.00000,0.00000
336,1.00000,0.00000
337,1.00000,0.00000
338,1.00000,0.00000
339,0.84758,0.15242
340,0.00010,0.99990
341,1.00000,0.00000
342,1.00000,0.00000
343,1.00000,0.00000
344,1.00000,0.00000
345,1.00000,0.00000
346,1.00000,0.00000
347,1.00000,0.00000
348,1.00000,0.00000
349,1.00000,0.00000
350,1.00000,0.00000
351,1.00000,0.00000
352,1.00000,0.00000
353,1.00000,0.00000
354,0.99999,0.00001
355,1.00000,0.00000
356,1.00000,0.00000
357,1.00000,0.00000
358,1.00000,0.00000
359,1.00000,0.00000
360,1.00000,0.00000
361,0.99682,0.00318
362,1.00000,0.00000
363,1.00000,0.00000
364,1.00000,0.00000
365,1.00000,0.00000
366,1.00000,0.00000
367,1.00000,0.00000
368,1.00000,0.00000
369,1.00000,0.00000
370,1.00000,0.00000
371,1.00000,0.00000
372,1.00000,0.00000
373,1.00000,0.00000
374,1.00000,0.00000
375,1.00000,0.00000
376,1.00000,0.00000
377,1.00000,0.00000
378,1.00000,0.00000
379,1.00000,0.00000
380,0.99996,0.00004
381,0.99994,0.00006
382,0.99999,0.00001
383,1.00000,0.00000
384,0.95092,0.04908
385,1.00000,0.00000
386,1.00000,0.00000
387,1.00000,0.00000
388,1.00000,0.00000
389,1.00000,0.00000
390,1.00000,0.00000
391,1.00000,0.00000
392,1.00000,0.00000
393,1.00000,0.00000
394,1.00000,0.00000
395,1.00000,0.00000
396,1.00000,0.00000
397,0.99968,0.00032
398,1.00000,0.00000
399,1.00000,0.00000
400,1.00000,0.00000
401,0.99770,0.00230
402,0.99940,0.00060
403,1.00000,0.00000
404,0.99996,0.00004
405,1.00000,0.00000
406,0.99995,0.00005
407,0.98644,0.01356
408,1.00000,0.00000
409,1.00000,0.00000
410,1.00000,0.00000
411,0.99996,0.00004
412,1.00000,0.00000
413,1.00000,0.00000
414,1.00000,0.00000
415,1.00000,0.00000
416,1.00000,0.00000
417,1.00000,0.00000
418,1.00000,0.00000
419,1.00000,0.00000
420,1.00000,0.00000
421,1.00000,0.00000
422,0.99997,0.00003
423,1.00000,0.00000
424,1.00000,0.00000
425,1.00000,0.00000
426,1.00000,0.00000
427,1.00000,0.00000
428,1.00000,0.00000
429,1.00000,0.00000
430,1.00000,0.00000
431,1.00000,0.00000
432,1.00000,0.00000
433,0.98482,0.01518
434,1.00000,0.00000
435,1.00000,0.00000
436,1.00000,0.00000
437,1.00000,0.00000
438,0.99998,0.00002
439,1.00000,0.00000
440,1.00000,0.00000
441,1.00000,0.00000
442,1.00000,0.00000
443,1.00000,0.00000
444,1.00000,0.00000
445,1.00000,0.00000
446,1.00000,0.00000
447,1.00000,0.00000
448,1.00000,0.00000
449,1.00000,0.00000
450,1.00000,0.00000
451,1.00000,0.00000
452,0.80797,0.19203
453,1.00000,0.00000
454,1.00000,0.00000
455,0.89943,0.10057
456,0.97415,0.02585
457,1.00000,0.00000
458,1.00000,0.00000
459,1.00000,0.00000
460,1.00000,0.00000
461,1.00000,0.00000
462,0.00000,1.00000
463,1.00000,0.00000
464,1.00000,0.00000
465,1.00000,0.00000
466,1.00000,0.00000
467,1.00000,0.00000
468,0.00000,1.00000
469,1.00000,0.00000
470,1.00000,0.00000
471,0.21856,0.78144
472,0.99994,0.00006
473,0.58921,0.41079
474,0.19951,0.80049
475,1.00000,0.00000
476,1.00000,0.00000
477,1.00000,0.00000
478,1.00000,0.00000
479,0.95423,0.04577
480,1.00000,0.00000
481,1.00000,0.00000
482,1.00000,0.00000
483,1.00000,0.00000
484,0.99996,0.00004
485,1.00000,0.00000
486,1.00000,0.00000
487,1.00000,0.00000
488,1.00000,0.00000
489,1.00000,0.00000
490,1.00000,0.00000
491,1.00000,0.00000
492,1.00000,0.00000
493,1.00000,0.00000
494,1.00000,0.00000
495,0.99986,0.00014
496,1.00000,0.00000
497,1.00000,0.00000
498,1.00000,0.00000
499,0.99989,0.00011
500,0.99585,0.00415
501,1.00000,0.00000
502,1.00000,0.00000
503,0.99239,0.00761
504,1.00000,0.00000
505,1.00000,0.00000
506,1.00000,0.00000
507,1.00000,0.00000
508,0.00016,0.99984
509,0.00016,0.99984
510,1.00000,0.00000
511,1.00000,0.00000
512,1.00000,0.00000
513,0.99998,0.00002
514,0.99075,0.00925
515,1.00000,0.00000
516,1.00000,0.00000
517,1.00000,0.00000
518,1.00000,0.00000
519,1.00000,0.00000
520,1.00000,0.00000
521,0.79160,0.20840
522,1.00000,0.00000
523,0.42655,0.57345
524,1.00000,0.00000
525,1.00000,0.00000
526,1.00000,0.00000
527,1.00000,0.00000
528,1.00000,0.00000
529,1.00000,0.00000
530,1.00000,0.00000
531,1.00000,0.00000
532,1.00000,0.00000
533,1.00000,0.00000
534,1.00000,0.00000
535,1.00000,0.00000
536,1.00000,0.00000
537,1.00000,0.00000
538,1.00000,0.00000
539,1.00000,0.00000
540,1.00000,0.00000
541,1.00000,0.00000
542,1.00000,0.00000
543,0.63873,0.36127
544,1.00000,0.00000
545,1.00000,0.00000
546,0.99823,0.00177
547,1.00000,0.00000
548,1.00000,0.00000
549,1.00000,0.00000
550,1.00000,0.00000
551,1.00000,0.00000
552,1.00000,0.00000
553,1.00000,0.00000
554,1.00000,0.00000
555,0.99980,0.00020
556,1.00000,0.00000
557,1.00000,0.00000
558,1.00000,0.00000
559,0.99509,0.00491
560,1.00000,0.00000
561,1.00000,0.00000
562,1.00000,0.00000
563,1.00000,0.00000
564,1.00000,0.00000
565,1.00000,0.00000
566,1.00000,0.00000
567,1.00000,0.00000
568,1.00000,0.00000
569,1.00000,0.00000
570,1.00000,0.00000
571,1.00000,0.00000
572,1.00000,0.00000
573,0.02703,0.97297
574,1.00000,0.00000
575,1.00000,0.00000
576,0.68330,0.31670
577,1.00000,0.00000
578,0.00031,0.99969
579,0.06726,0.93274
580,0.67392,0.32608
581,1.00000,0.00000
582,1.00000,0.00000
583,0.67392,0.32608
584,0.98456,0.01544
585,0.67392,0.32608
586,1.00000,0.00000
587,1.00000,0.00000
588,1.00000,0.00000
589,1.00000,0.00000
590,1.00000,0.00000
591,0.76042,0.23958
592,1.00000,0.00000
593,1.00000,0.00000
594,1.00000,0.00000
595,1.00000,0.00000
596,1.00000,0.00000
597,1.00000,0.00000
598,1.00000,0.00000
599,0.99981,0.00019
600,0.87356,0.12644
601,1.00000,0.00000
602,1.00000,0.00000
603,1.00000,0.00000
604,1.00000,0.00000
605,1.00000,0.00000
606,1.00000,0.00000
607,1.00000,0.00000
608,1.00000,0.00000
609,1.00000,0.00000
610,1.00000,0.00000
611,1.00000,0.00000
612,1.00000,0.00000
613,1.00000,0.00000
614,1.00000,0.00000
615,1.00000,0.00000
616,1.00000,0.00000
617,1.00000,0.00000
618,1.00000,0.00000
619,1.00000,0.00000
620,1.00000,0.00000
621,1.00000,0.00000
622,1.00000,0.00000
623,1.00000,0.00000
624,1.00000,0.00000
625,1.00000,0.00000
626,1.00000,0.00000
627,1.00000,0.00000
628,1.00000,0.00000
629,1.00000,0.00000
630,1.00000,0.00000
631,1.00000,0.00000
632,0.99997,0.00003
633,1.00000,0.00000
634,1.00000,0.00000
635,1.00000,0.00000
636,1.00000,0.00000
637,0.92951,0.07049
638,1.00000,0.00000
639,1.00000,0.00000
640,1.00000,0.00000
641,0.97888,0.02112
642,1.00000,0.00000
643,1.00000,0.00000
644,1.00000,0.00000
645,1.00000,0.00000
646,0.99985,0.00015
647,1.00000,0.00000
648,1.00000,0.00000
649,1.00000,0.00000
650,1.00000,0.00000
651,1.00000,0.00000
652,1.00000,0.00000
653,1.00000,0.00000
654,1.00000,0.00000
655,1.00000,0.00000
656,1.00000,0.00000
657,1.00000,0.00000
658,1.00000,0.00000
659,1.00000,0.00000
660,1.00000,0.00000
661,1.00000,0.00000
662,0.94059,0.05941
663,1.00000,0.00000
664,1.00000,0.00000
665,1.00000,0.00000
666,1.00000,0.00000
667,1.00000,0.00000
668,1.00000,0.00000
669,1.00000,0.00000
670,1.00000,0.00000
671,1.00000,0.00000
672,1.00000,0.00000
673,0.99885,0.00115
674,1.00000,0.00000
675,0.99795,0.00205
676,1.00000,0.00000
677,1.00000,0.00000
678,0.99910,0.00090
679,1.00000,0.00000
680,0.99987,0.00013
681,1.00000,0.00000
682,1.00000,0.00000
683,1.00000,0.00000
684,1.00000,0.00000
685,1.00000,0.00000
686,1.00000,0.00000
687,1.00000,0.00000
688,1.00000,0.00000
689,1.00000,0.00000
690,1.00000,0.00000
691,1.00000,0.00000
692,1.00000,0.00000
693,1.00000,0.00000
694,1.00000,0.00000
695,1.00000,0.00000
696,1.00000,0.00000
697,1.00000,0.00000
698,1.00000,0.00000
699,1.00000,0.00000
700,1.00000,0.00000
701,1.00000,0.00000
702,1.00000,0.00000
703,1.00000,0.00000
704,1.00000,0.00000
705,1.00000,0.00000
706,1.00000,0.00000
707,1.00000,0.00000
708,1.00000,0.00000
709,1.00000,0.00000
710,1.00000,0.00000
711,0.99998,0.00002
712,1.00000,0.00000
713,1.00000,0.00000
714,0.99787,0.00213
715,1.00000,0.00000
716,1.00000,0.00000
717,1.00000,0.00000
718,1.00000,0.00000
719,1.00000,0.00000
720,1.00000,0.00000
721,1.00000,0.00000
722,1.00000,0.00000
723,1.00000,0.00000
724,1.00000,0.00000
725,1.00000,0.00000
726,0.03748,0.96252
727,0.00878,0.99122
728,1.00000,0.00000
729,1.00000,0.00000
730,0.55654,0.44346
731,1.00000,0.00000
732,0.99991,0.00009
733,1.00000,0.00000
734,1.00000,0.00000
735,1.00000,0.00000
736,0.99560,0.00440
737,1.00000,0.00000
738,1.00000,0.00000
739,1.00000,0.00000
740,1.00000,0.00000
741,1.00000,0.00000
742,1.00000,0.00000
743,1.00000,0.00000
744,1.00000,0.00000
745,1.00000,0.00000
746,1.00000,0.00000
747,1.00000,0.00000
748,1.00000,0.00000
749,1.00000,0.00000
750,1.00000,0.00000
751,1.00000,0.00000
752,1.00000,0.00000
753,0.99661,0.00339
754,1.00000,0.00000
755,1.00000,0.00000
756,1.00000,0.00000
757,1.00000,0.00000
758,1.00000,0.00000
759,1.00000,0.00000
760,1.00000,0.00000
761,1.00000,0.00000
762,1.00000,0.00000
763,1.00000,0.00000
764,1.00000,0.00000
765,1.00000,0.00000
766,1.00000,0.00000
767,1.00000,0.00000
768,1.00000,0.00000
769,1.00000,0.00000
770,1.00000,0.00000
771,1.00000,0.00000
772,1.00000,0.00000
773,1.00000,0.00000
774,1.00000,0.00000
775,1.00000,0.00000
776,1.00000,0.00000
777,1.00000,0.00000
778,1.00000,0.00000
779,1.00000,0.00000
780,1.00000,0.00000
781,0.91057,0.08943
782,1.00000,0.00000
783,0.75028,0.24972
784,1.00000,0.00000
785,1.00000,0.00000
786,1.00000,0.00000
787,1.00000,0.00000
788,0.99808,0.00192
789,1.00000,0.00000
790,1.00000,0.00000
791,1.00000,0.00000
792,1.00000,0.00000
793,1.00000,0.00000
794,1.00000,0.00000
795,1.00000,0.00000
796,1.00000,0.00000
797,1.00000,0.00000
798,1.00000,0.00000
799,1.00000,0.00000
800,1.00000,0.00000
801,1.00000,0.00000
802,1.00000,0.00000
803,1.00000,0.00000
804,1.00000,0.00000
805,0.92687,0.07313
806,1.00000,0.00000
807,0.99995,0.00005
808,0.99969,0.00031
809,1.00000,0.00000
810,0.99877,0.00123
811,1.00000,0.00000
812,1.00000,0.00000
813,1.00000,0.00000
814,1.00000,0.00000
815,1.00000,0.00000
816,1.00000,0.00000
817,1.00000,0.00000
818,1.00000,0.00000
819,1.00000,0.00000
820,1.00000,0.00000
821,1.00000,0.00000
822,1.00000,0.00000
823,1.00000,0.00000
824,1.00000,0.00000
825,1.00000,0.00000
826,1.00000,0.00000
827,1.00000,0.00000
828,0.99990,0.00010
829,1.00000,0.00000
830,0.99620,0.00380
831,0.99297,0.00703
832,1.00000,0.00000
833,1.00000,0.00000
834,0.98760,0.01240
835,1.00000,0.00000
836,1.00000,0.00000
837,1.00000,0.00000
838,1.00000,0.00000
839,0.99649,0.00351
840,0.99996,0.00004
841,0.99996,0.00004
842,0.00169,0.99831
843,1.00000,0.00000
844,0.01274,0.98726
845,1.00000,0.00000
846,1.00000,0.00000
847,1.00000,0.00000
848,0.99999,0.00001
849,1.00000,0.00000
850,1.00000,0.00000
851,0.98726,0.01274
852,1.00000,0.00000
853,1.00000,0.00000
854,1.00000,0.00000
855,0.98578,0.01422
856,1.00000,0.00000
857,1.00000,0.00000
858,1.00000,0.00000
859,1.00000,0.00000
860,1.00000,0.00000
861,1.00000,0.00000
862,1.00000,0.00000
863,1.00000,0.00000
864,1.00000,0.00000
865,1.00000,0.00000
866,1.00000,0.00000
867,1.00000,0.00000
868,1.00000,0.00000
869,1.00000,0.00000
870,1.00000,0.00000
871,1.00000,0.00000
872,0.99240,0.00760
873,1.00000,0.00000
874,1.00000,0.00000
875,1.00000,0.00000
876,1.00000,0.00000
877,1.00000,0.00000
878,1.00000,0.00000
879,0.99971,0.00029
880,1.00000,0.00000
881,1.00000,0.00000
882,1.00000,0.00000
883,1.00000,0.00000
884,1.00000,0.00000
885,0.94943,0.05057
886,0.99994,0.00006
887,1.00000,0.00000
888,1.00000,0.00000
889,0.99028,0.00972
890,1.00000,0.00000
891,1.00000,0.00000
892,0.99759,0.00241
893,1.00000,0.00000
894,1.00000,0.00000
895,1.00000,0.00000
896,1.00000,0.00000
897,1.00000,0.00000
898,1.00000,0.00000
899,1.00000,0.00000
900,1.00000,0.00000
901,0.99891,0.00109
902,1.00000,0.00000
903,1.00000,0.00000
904,1.00000,0.00000
905,1.00000,0.00000
906,1.00000,0.00000
907,1.00000,0.00000
908,1.00000,0.00000
909,1.00000,0.00000
910,1.00000,0.00000
911,1.00000,0.00000
912,1.00000,0.00000
913,1.00000,0.00000
914,1.00000,0.00000
915,1.00000,0.00000
916,1.00000,0.00000
917,1.00000,0.00000
918,1.00000,0.00000
919,1.00000,0.00000
920,1.00000,0.00000
921,1.00000,0.00000
922,1.00000,0.00000
923,1.00000,0.00000
924,1.00000,0.00000
925,1.00000,0.00000
926,1.00000,0.00000
927,1.00000,0.00000
928,1.00000,0.00000
929,1.00000,0.00000
930,0.99953,0.00047
931,1.00000,0.00000
932,1.00000,0.00000
933,1.00000,0.00000
934,1.00000,0.00000
935,1.00000,0.00000
936,1.00000,0.00000
937,1.00000,0.00000
938,1.00000,0.00000
939,1.00000,0.00000
940,0.78641,0.21359
941,1.00000,0.00000
942,1.00000,0.00000
943,1.00000,0.00000
944,1.00000,0.00000
945,1.00000,0.00000
946,1.00000,0.00000
947,1.00000,0.00000
948,1.00000,0.00000
949,1.00000,0.00000
950,1.00000,0.00000
951,1.00000,0.00000
952,1.00000,0.00000
953,1.00000,0.00000
954,1.00000,0.00000
955,1.00000,0.00000
956,1.00000,0.00000
957,1.00000,0.00000
958,1.00000,0.00000
959,1.00000,0.00000
960,1.00000,0.00000
961,1.00000,0.00000
962,1.00000,0.00000
963,1.00000,0.00000
964,1.00000,0.00000
965,1.00000,0.00000
966,1.00000,0.00000
967,1.00000,0.00000
968,0.99549,0.00451
969,1.00000,0.00000
970,1.00000,0.00000
971,1.00000,0.00000
972,1.00000,0.00000
973,1.00000,0.00000
974,1.00000,0.00000
975,1.00000,0.00000
976,1.00000,0.00000
977,1.00000,0.00000
978,1.00000,0.00000
979,0.99999,0.00001
980,1.00000,0.00000
981,1.00000,0.00000
982,1.00000,0.00000
983,1.00000,0.00000
984,1.00000,0.00000
985,1.00000,0.00000
986,1.00000,0.00000
987,1.00000,0.00000
988,1.00000,0.00000
989,0.99879,0.00121
990,1.00000,0.00000
991,1.00000,0.00000
992,1.00000,0.00000
993,1.00000,0.00000
994,1.00000,0.00000
995,1.00000,0.00000
996,1.00000,0.00000
997,1.00000,0.00000
998,1.00000,0.00000
999,1.00000,0.00000
1000,1.00000,0.00000
1001,1.00000,0.00000
1002,1.00000,0.00000
1003,1.00000,0.00000
1004,1.00000,0.00000
1005,1.00000,0.00000
1006,1.00000,0.00000
1007,1.00000,0.00000
1008,1.00000,0.00000
1009,1.00000,0.00000
1010,1.00000,0.00000
1011,1.00000,0.00000
1012,1.00000,0.00000
1013,1.00000,0.00000
1014,1.00000,0.00000
1015,1.00000,0.00000
1016,1.00000,0.00000
1017,1.00000,0.00000
1018,1.00000,0.00000
1019,1.00000,0.00000
1020,1.00000,0.00000
1021,1.00000,0.00000
1022,0.91786,0.08214
1023,1.00000,0.00000
1024,1.00000,0.00000
1025,0.99958,0.00042
1026,1.00000,0.00000
1027,1.00000,0.00000
1028,1.00000,0.00000
1029,1.00000,0.00000
1030,1.00000,0.00000
1031,1.00000,0.00000
1032,1.00000,0.00000
1033,1.00000,0.00000
1034,1.00000,0.00000
1035,1.00000,0.00000
1036,1.00000,0.00000
1037,1.00000,0.00000
1038,1.00000,0.00000
1039,1.00000,0.00000
1040,1.00000,0.00000
1041,1.00000,0.00000
1042,1.00000,0.00000
1043,1.00000,0.00000
1044,1.00000,0.00000
1045,1.00000,0.00000
1046,1.00000,0.00000
1047,1.00000,0.00000
1048,1.00000,0.00000
1049,1.00000,0.00000
1050,1.00000,0.00000
1051,1.00000,0.00000
1052,1.00000,0.00000
1053,1.00000,0.00000
1054,1.00000,0.00000
1055,1.00000,0.00000
1056,1.00000,0.00000
1057,1.00000,0.00000
1058,1.00000,0.00000
1059,1.00000,0.00000
1060,1.00000,0.00000
1061,1.00000,0.00000
1062,1.00000,0.00000
1063,1.00000,0.00000
1064,1.00000,0.00000
1065,1.00000,0.00000
1066,1.00000,0.00000
1067,1.00000,0.00000
1068,0.99916,0.00084
1069,1.00000,0.00000
1070,1.00000,0.00000
1071,1.00000,0.00000
1072,1.00000,0.00000
1073,1.00000,0.00000
1074,1.00000,0.00000
1075,1.00000,0.00000
1076,0.99877,0.00123
1077,0.99995,0.00005
1078,1.00000,0.00000
1079,1.00000,0.00000
1080,1.00000,0.00000
1081,1.00000,0.00000
1082,1.00000,0.00000
1083,1.00000,0.00000
1084,1.00000,0.00000
1085,1.00000,0.00000
1086,1.00000,0.00000
1087,1.00000,0.00000
1088,1.00000,0.00000
1089,1.00000,0.00000
1090,1.00000,0.00000
1091,1.00000,0.00000
1092,1.00000,0.00000
1093,1.00000,0.00000
1094,1.00000,0.00000
1095,1.00000,0.00000
1096,1.00000,0.00000
1097,1.00000,0.00000
1098,1.00000,0.00000
1099,1.00000,0.00000
1100,1.00000,0.00000
1101,1.00000,0.00000
1102,0.99033,0.00967
1103,1.00000,0.00000
1104,0.99991,0.00009
1105,1.00000,0.00000
1106,1.00000,0.00000
1107,1.00000,0.00000
1108,1.00000,0.00000
1109,1.00000,0.00000
1110,1.00000,0.00000
1111,0.99995,0.00005
1112,1.00000,0.00000
1113,1.00000,0.00000
1114,1.00000,0.00000
1115,1.00000,0.00000
1116,0.99937,0.00063
1117,1.00000,0.00000
1118,1.00000,0.00000
1119,1.00000,0.00000
1120,1.00000,0.00000
1121,1.00000,0.00000
1122,1.00000,0.00000
1123,1.00000,0.00000
1124,0.99640,0.00360
1125,1.00000,0.00000
1126,1.00000,0.00000
1127,1.00000,0.00000
1128,0.66481,0.33519
1129,0.99998,0.00002
1130,1.00000,0.00000
1131,0.66481,0.33519
1132,1.00000,0.00000
1133,1.00000,0.00000
1134,1.00000,0.00000
1135,1.00000,0.00000
1136,1.00000,0.00000
1137,1.00000,0.00000
1138,1.00000,0.00000
1139,1.00000,0.00000
1140,1.00000,0.00000
1141,1.00000,0.00000
1142,0.99536,0.00464
1143,1.00000,0.00000
1144,1.00000,0.00000
1145,1.00000,0.00000
1146,1.00000,0.00000
1147,1.00000,0.00000
1148,1.00000,0.00000
1149,1.00000,0.00000
1150,1.00000,0.00000
1151,1.00000,0.00000
1152,1.00000,0.00000
1153,1.00000,0.00000
1154,1.00000,0.00000
1155,0.99999,0.00001
1156,1.00000,0.00000
1157,1.00000,0.00000
1158,1.00000,0.00000
1159,1.00000,0.00000
1160,1.00000,0.00000
1161,1.00000,0.00000
1162,1.00000,0.00000
1163,1.00000,0.00000
1164,1.00000,0.00000
1165,1.00000,0.00000
1166,1.00000,0.00000
1167,1.00000,0.00000
1168,1.00000,0.00000
1169,1.00000,0.00000
1170,1.00000,0.00000
1171,1.00000,0.00000
1172,1.00000,0.00000
1173,1.00000,0.00000
1174,1.00000,0.00000
1175,1.00000,0.00000
1176,1.00000,0.00000
1177,1.00000,0.00000
1178,1.00000,0.00000
1179,1.00000,0.00000
1180,1.00000,0.00000
1181,1.00000,0.00000
1182,1.00000,0.00000
1183,1.00000,0.00000
1184,1.00000,0.00000
1185,1.00000,0.00000
1186,1.00000,0.00000
1187,1.00000,0.00000
1188,1.00000,0.00000
1189,1.00000,0.00000
1190,1.00000,0.00000
1191,1.00000,0.00000
1192,1.00000,0.00000
1193,0.92082,0.07918
1194,0.95975,0.04025
1195,1.00000,0.00000
1196,1.00000,0.00000
1197,1.00000,0.00000
1198,1.00000,0.00000
1199,1.00000,0.00000
1200,1.00000,0.00000
1201,1.00000,0.00000
1202,1.00000,0.00000
1203,1.00000,0.00000
1204,1.00000,0.00000
1205,1.00000,0.00000
1206,1.00000,0.00000
1207,1.00000,0.00000
1208,1.00000,0.00000
1209,1.00000,0.00000
1210,1.00000,0.00000
1211,1.00000,0.00000
1212,1.00000,0.00000
1213,1.00000,0.00000
1214,1.00000,0.00000
1215,1.00000,0.00000
1216,1.00000,0.00000
1217,0.99999,0.00001
1218,1.00000,0.00000
1219,1.00000,0.00000
1220,1.00000,0.00000
1221,1.00000,0.00000
1222,1.00000,0.00000
1223,1.00000,0.00000
1224,1.00000,0.00000
1225,0.40962,0.59038
1226,1.00000,0.00000
1227,1.00000,0.00000
1228,1.00000,0.00000
1229,1.00000,0.00000
1230,1.00000,0.00000
1231,1.00000,0.00000
1232,1.00000,0.00000
1233,1.00000,0.00000
1234,1.00000,0.00000
1235,1.00000,0.00000
1236,1.00000,0.00000
1237,1.00000,0.00000
1238,1.00000,0.00000
1239,1.00000,0.00000
1240,1.00000,0.00000
1241,1.00000,0.00000
1242,1.00000,0.00000
1243,1.00000,0.00000
1244,1.00000,0.00000
1245,1.00000,0.00000
1246,1.00000,0.00000
1247,1.00000,0.00000
1248,1.00000,0.00000
1249,1.00000,0.00000
1250,1.00000,0.00000
1251,1.00000,0.00000
1252,1.00000,0.00000
1253,1.00000,0.00000
1254,1.00000,0.00000
1255,1.00000,0.00000
1256,1.00000,0.00000
1257,1.00000,0.00000
1258,1.00000,0.00000
1259,1.00000,0.00000
1260,0.99969,0.00031
1261,1.00000,0.00000
1262,1.00000,0.00000
1263,1.00000,0.00000
1264,0.99952,0.00048
1265,0.99772,0.00228
1266,0.99994,0.00006
1267,1.00000,0.00000
1268,1.00000,0.00000
1269,0.99996,0.00004
1270,1.00000,0.00000
1271,0.96112,0.03888
1272,0.87670,0.12330
1273,0.99188,0.00812
1274,1.00000,0.00000
1275,1.00000,0.00000
1276,1.00000,0.00000
1277,1.00000,0.00000
1278,1.00000,0.00000
1279,1.00000,0.00000
1280,1.00000,0.00000
1281,1.00000,0.00000
1282,1.00000,0.00000
1283,1.00000,0.00000
1284,1.00000,0.00000
1285,1.00000,0.00000
1286,0.99989,0.00011
1287,1.00000,0.00000
1288,0.98970,0.01030
1289,1.00000,0.00000
1290,1.00000,0.00000
1291,1.00000,0.00000
1292,1.00000,0.00000
1293,1.00000,0.00000
1294,1.00000,0.00000
1295,1.00000,0.00000
1296,1.00000,0.00000
1297,1.00000,0.00000
1298,1.00000,0.00000
1299,1.00000,0.00000
1300,1.00000,0.00000
1301,1.00000,0.00000
1302,1.00000,0.00000
1303,1.00000,0.00000
1304,1.00000,0.00000
1305,1.00000,0.00000
1306,1.00000,0.00000
1307,1.00000,0.00000
1308,1.00000,0.00000
1309,1.00000,0.00000
1310,1.00000,0.00000
1311,1.00000,0.00000
1312,1.00000,0.00000
1313,1.00000,0.00000
1314,1.00000,0.00000
1315,1.00000,0.00000
1316,1.00000,0.00000
1317,1.00000,0.00000
1318,1.00000,0.00000
1319,1.00000,0.00000
1320,1.00000,0.00000
1321,1.00000,0.00000
1322,1.00000,0.00000
1323,1.00000,0.00000
1324,1.00000,0.00000
1325,1.00000,0.00000
1326,1.00000,0.00000
1327,1.00000,0.00000
1328,1.00000,0.00000
1329,1.00000,0.00000
1330,1.00000,0.00000
1331,1.00000,0.00000
1332,1.00000,0.00000
1333,1.00000,0.00000
1334,1.00000,0.00000
1335,1.00000,0.00000
1336,1.00000,0.00000
1337,1.00000,0.00000
1338,1.00000,0.00000
1339,1.00000,0.00000
1340,1.00000,0.00000
1341,1.00000,0.00000
1342,1.00000,0.00000
1343,1.00000,0.00000
1344,1.00000,0.00000
1345,1.00000,0.00000
1346,1.00000,0.00000
1347,1.00000,0.00000
1348,1.00000,0.00000
1349,1.00000,0.00000
1350,1.00000,0.00000
1351,1.00000,0.00000
1352,1.00000,0.00000
1353,1.00000,0.00000
1354,1.00000,0.00000
1355,1.00000,0.00000
1356,1.00000,0.00000
1357,1.00000,0.00000
1358,1.00000,0.00000
1359,1.00000,0.00000
1360,0.99647,0.00353
1361,1.00000,0.00000
1362,1.00000,0.00000
1363,1.00000,0.00000
1364,1.00000,0.00000
1365,0.99032,0.00968
1366,1.00000,0.00000
1367,1.00000,0.00000
1368,0.99032,0.00968
1369,1.00000,0.00000
1370,1.00000,0.00000
1371,1.00000,0.00000
1372,1.00000,0.00000
1373,1.00000,0.00000
1374,1.00000,0.00000
1375,1.00000,0.00000
1376,1.00000,0.00000
1377,1.00000,0.00000
1378,1.00000,0.00000
1379,1.00000,0.00000
1380,1.00000,0.00000
1381,0.99957,0.00043
1382,1.00000,0.00000
1383,1.00000,0.00000
1384,1.00000,0.00000
1385,1.00000,0.00000
1386,1.00000,0.00000
1387,1.00000,0.00000
1388,1.00000,0.00000
1389,1.00000,0.00000
1390,1.00000,0.00000
1391,1.00000,0.00000
1392,1.00000,0.00000
1393,1.00000,0.00000
1394,1.00000,0.00000
1395,1.00000,0.00000
1396,1.00000,0.00000
1397,1.00000,0.00000
1398,1.00000,0.00000
1399,1.00000,0.00000
1400,1.00000,0.00000
1401,1.00000,0.00000
1402,1.00000,0.00000
1403,1.00000,0.00000
1404,1.00000,0.00000
1405,1.00000,0.00000
1406,1.00000,0.00000
1407,1.00000,0.00000
1408,1.00000,0.00000
1409,1.00000,0.00000
1410,1.00000,0.00000
1411,1.00000,0.00000
1412,1.00000,0.00000
1413,1.00000,0.00000
1414,1.00000,0.00000
1415,1.00000,0.00000
1416,1.00000,0.00000
1417,1.00000,0.00000
1418,1.00000,0.00000
1419,1.00000,0.00000
1420,1.00000,0.00000
1421,1.00000,0.00000
1422,1.00000,0.00000
1423,1.00000,0.00000
1424,1.00000,0.00000
1425,1.00000,0.00000
1426,1.00000,0.00000
1427,1.00000,0.00000
1428,1.00000,0.00000
1429,1.00000,0.00000
1430,1.00000,0.00000
1431,1.00000,0.00000
1432,1.00000,0.00000
1433,1.00000,0.00000
1434,1.00000,0.00000
1435,1.00000,0.00000
1436,1.00000,0.00000
1437,1.00000,0.00000
1438,1.00000,0.00000
1439,1.00000,0.00000
1440,1.00000,0.00000
1441,1.00000,0.00000
1442,1.00000,0.00000
1443,1.00000,0.00000
1444,1.00000,0.00000
1445,1.00000,0.00000
1446,1.00000,0.00000
1447,1.00000,0.00000
1448,1.00000,0.00000
1449,1.00000,0.00000
1450,1.00000,0.00000
1451,1.00000,0.00000
1452,1.00000,0.00000
1453,1.00000,0.00000
1454,1.00000,0.00000
1455,1.00000,0.00000
1456,1.00000,0.00000
1457,0.97259,0.02741
1458,0.97259,0.02741
1459,0.99472,0.00528
1460,0.99994,0.00006
1461,0.99892,0.00108
1462,0.99997,0.00003
1463,1.00000,0.00000
1464,1.00000,0.00000
1465,1.00000,0.00000
1466,1.00000,0.00000
1467,1.00000,0.00000
1468,1.00000,0.00000
1469,1.00000,0.00000
1470,1.00000,0.00000
1471,1.00000,0.00000
1472,1.00000,0.00000
1473,1.00000,0.00000
1474,1.00000,0.00000
1475,1.00000,0.00000
1476,1.00000,0.00000
1477,1.00000,0.00000
1478,0.99994,0.00006
1479,1.00000,0.00000
1480,1.00000,0.00000
1481,1.00000,0.00000
1482,1.00000,0.00000
1483,1.00000,0.00000
1484,1.00000,0.00000
1485,1.00000,0.00000
1486,1.00000,0.00000
1487,1.00000,0.00000
1488,1.00000,0.00000
1489,1.00000,0.00000
1490,1.00000,0.00000
1491,1.00000,0.00000
1492,1.00000,0.00000
1493,1.00000,0.00000
1494,1.00000,0.00000
1495,1.00000,0.00000
1496,1.00000,0.00000
1497,1.00000,0.00000
1498,1.00000,0.00000
1499,1.00000,0.00000
1500,1.00000,0.00000
1501,1.00000,0.00000
1502,1.00000,0.00000
1503,1.00000,0.00000
1504,1.00000,0.00000
1505,1.00000,0.00000
1506,1.00000,0.00000
1507,1.00000,0.00000
1508,1.00000,0.00000
1509,1.00000,0.00000
1510,1.00000,0.00000
1511,1.00000,0.00000
1512,0.99955,0.00045
1513,1.00000,0.00000
1514,1.00000,0.00000
1515,1.00000,0.00000
1516,1.00000,0.00000
1517,1.00000,0.00000
1518,1.00000,0.00000
1519,1.00000,0.00000
1520,1.00000,0.00000
1521,1.00000,0.00000
1522,1.00000,0.00000
1523,1.00000,0.00000
1524,1.00000,0.00000
1525,1.00000,0.00000
1526,1.00000,0.00000
1527,1.00000,0.00000
1528,1.00000,0.00000
1529,1.00000,0.00000
1530,1.00000,0.00000
1531,1.00000,0.00000
1532,1.00000,0.00000
1533,1.00000,0.00000
1534,1.00000,0.00000
1535,1.00000,0.00000
1536,1.00000,0.00000
1537,1.00000,0.00000
1538,1.00000,0.00000
1539,1.00000,0.00000
1540,1.00000,0.00000
1541,1.00000,0.00000
1542,1.00000,0.00000
1543,1.00000,0.00000
1544,1.00000,0.00000
1545,1.00000,0.00000
1546,1.00000,0.00000
1547,1.00000,0.00000
1548,1.00000,0.00000
1549,0.96622,0.03378
1550,1.00000,0.00000
1551,1.00000,0.00000
1552,1.00000,0.00000
1553,1.00000,0.00000
1554,1.00000,0.00000
1555,1.00000,0.00000
1556,1.00000,0.00000
1557,1.00000,0.00000
1558,1.00000,0.00000
1559,1.00000,0.00000
1560,1.00000,0.00000
1561,1.00000,0.00000
1562,1.00000,0.00000
1563,1.00000,0.00000
1564,1.00000,0.00000
1565,1.00000,0.00000
1566,1.00000,0.00000
1567,1.00000,0.00000
1568,1.00000,0.00000
1569,1.00000,0.00000
1570,1.00000,0.00000
1571,1.00000,0.00000
1572,1.00000,0.00000
1573,1.00000,0.00000
1574,1.00000,0.00000
1575,1.00000,0.00000
1576,1.00000,0.00000
1577,1.00000,0.00000
1578,1.00000,0.00000
1579,1.00000,0.00000
1580,1.00000,0.00000
1581,1.00000,0.00000
1582,1.00000,0.00000
1583,1.00000,0.00000
1584,1.00000,0.00000
1585,1.00000,0.00000
1586,0.10979,0.89021
1587,1.00000,0.00000
1588,0.99991,0.00009
1589,1.00000,0.00000
1590,1.00000,0.00000
1591,0.87589,0.12411
1592,1.00000,0.00000
1593,0.99991,0.00009
1594,1.00000,0.00000
1595,1.00000,0.00000
1596,1.00000,0.00000
1597,1.00000,0.00000
1598,1.00000,0.00000
1599,1.00000,0.00000
1600,1.00000,0.00000
1601,1.00000,0.00000
1602,1.00000,0.00000
1603,1.00000,0.00000
1604,0.92703,0.07297
1605,1.00000,0.00000
1606,1.00000,0.00000
1607,1.00000,0.00000
1608,1.00000,0.00000
1609,1.00000,0.00000
1610,1.00000,0.00000
1611,1.00000,0.00000
1612,1.00000,0.00000
1613,1.00000,0.00000
1614,1.00000,0.00000
1615,1.00000,0.00000
1616,1.00000,0.00000
1617,1.00000,0.00000
1618,1.00000,0.00000
1619,1.00000,0.00000
1620,1.00000,0.00000
1621,1.00000,0.00000
1622,1.00000,0.00000
1623,1.00000,0.00000
1624,1.00000,0.00000
1625,1.00000,0.00000
1626,1.00000,0.00000
1627,1.00000,0.00000
1628,1.00000,0.00000
1629,0.00002,0.99998
1630,0.93361,0.06639
1631,1.00000,0.00000
1632,1.00000,0.00000
1633,1.00000,0.00000
1634,1.00000,0.00000
1635,1.00000,0.00000
1636,1.00000,0.00000
1637,1.00000,0.00000
1638,1.00000,0.00000
1639,1.00000,0.00000
1640,1.00000,0.00000
1641,1.00000,0.00000
1642,1.00000,0.00000
1643,1.00000,0.00000
1644,1.00000,0.00000
1645,0.99935,0.00065
1646,1.00000,0.00000
1647,1.00000,0.00000
1648,1.00000,0.00000
1649,1.00000,0.00000
1650,0.99984,0.00016
1651,1.00000,0.00000
1652,1.00000,0.00000
1653,1.00000,0.00000
1654,1.00000,0.00000
1655,1.00000,0.00000
1656,1.00000,0.00000
1657,1.00000,0.00000
1658,1.00000,0.00000
1659,1.00000,0.00000
1660,1.00000,0.00000
1661,0.99989,0.00011
1662,1.00000,0.00000
1663,1.00000,0.00000
1664,1.00000,0.00000
1665,1.00000,0.00000
1666,1.00000,0.00000
1667,1.00000,0.00000
1668,0.57594,0.42406
1669,1.00000,0.00000
1670,1.00000,0.00000
1671,1.00000,0.00000
1672,1.00000,0.00000
1673,0.99914,0.00086
1674,0.80576,0.19424
1675,1.00000,0.00000
1676,1.00000,0.00000
1677,1.00000,0.00000
1678,1.00000,0.00000
1679,1.00000,0.00000
1680,0.99934,0.00066
1681,1.00000,0.00000
1682,1.00000,0.00000
1683,0.99980,0.00020
1684,1.00000,0.00000
1685,1.00000,0.00000
1686,1.00000,0.00000
1687,1.00000,0.00000
1688,0.99997,0.00003
1689,0.99997,0.00003
1690,1.00000,0.00000
1691,1.00000,0.00000
1692,1.00000,0.00000
1693,1.00000,0.00000
1694,0.68623,0.31377
1695,1.00000,0.00000
1696,0.99980,0.00020
1697,1.00000,0.00000
1698,1.00000,0.00000
1699,0.99921,0.00079
1700,1.00000,0.00000
1701,0.99998,0.00002
1702,0.96227,0.03773
1703,1.00000,0.00000
1704,1.00000,0.00000
1705,1.00000,0.00000
1706,1.00000,0.00000
1707,1.00000,0.00000
1708,0.56356,0.43644
1709,1.00000,0.00000
1710,1.00000,0.00000
1711,1.00000,0.00000
1712,0.99999,0.00001
1713,1.00000,0.00000
1714,1.00000,0.00000
1715,1.00000,0.00000
1716,1.00000,0.00000
1717,1.00000,0.00000
1718,1.00000,0.00000
1719,1.00000,0.00000
1720,0.72738,0.27262
1721,1.00000,0.00000
1722,0.99997,0.00003
1723,0.28497,0.71503
1724,1.00000,0.00000
1725,0.99982,0.00018
1726,1.00000,0.00000
1727,1.00000,0.00000
1728,1.00000,0.00000
1729,1.00000,0.00000
1730,1.00000,0.00000
1731,1.00000,0.00000
1732,1.00000,0.00000
1733,1.00000,0.00000
1734,1.00000,0.00000
1735,1.00000,0.00000
1736,1.00000,0.00000
1737,1.00000,0.00000
1738,1.00000,0.00000
1739,1.00000,0.00000
1740,1.00000,0.00000
1741,1.00000,0.00000
1742,1.00000,0.00000
1743,1.00000,0.00000
1744,1.00000,0.00000
1745,1.00000,0.00000
1746,1.00000,0.00000
1747,1.00000,0.00000
1748,1.00000,0.00000
1749,1.00000,0.00000
1750,1.00000,0.00000
1751,0.99952,0.00048
1752,1.00000,0.00000
1753,1.00000,0.00000
1754,1.00000,0.00000
1755,1.00000,0.00000
1756,1.00000,0.00000
1757,0.99051,0.00949
1758,1.00000,0.00000
1759,1.00000,0.00000
1760,1.00000,0.00000
1761,1.00000,0.00000
1762,1.00000,0.00000
1763,1.00000,0.00000
1764,1.00000,0.00000
1765,1.00000,0.00000
1766,1.00000,0.00000
1767,1.00000,0.00000
1768,1.00000,0.00000
1769,1.00000,0.00000
1770,1.00000,0.00000
1771,1.00000,0.00000
1772,1.00000,0.00000
1773,1.00000,0.00000
1774,1.00000,0.00000
1775,1.00000,0.00000
1776,1.00000,0.00000
1777,1.00000,0.00000
1778,1.00000,0.00000
1779,1.00000,0.00000
1780,1.00000,0.00000
1781,1.00000,0.00000
1782,1.00000,0.00000
1783,1.00000,0.00000
1784,1.00000,0.00000
1785,1.00000,0.00000
1786,1.00000,0.00000
1787,1.00000,0.00000
1788,1.00000,0.00000
1789,1.00000,0.00000
1790,1.00000,0.00000
1791,1.00000,0.00000
1792,1.00000,0.00000
1793,1.00000,0.00000
1794,1.00000,0.00000
1795,1.00000,0.00000
1796,1.00000,0.00000
1797,1.00000,0.00000
1798,1.00000,0.00000
1799,1.00000,0.00000
1800,1.00000,0.00000
1801,1.00000,0.00000
1802,1.00000,0.00000
1803,1.00000,0.00000
1804,0.60273,0.39727
1805,1.00000,0.00000
1806,1.00000,0.00000
1807,1.00000,0.00000
1808,1.00000,0.00000
1809,1.00000,0.00000
1810,1.00000,0.00000
1811,1.00000,0.00000
1812,0.99914,0.00086
1813,1.00000,0.00000
1814,1.00000,0.00000
1815,1.00000,0.00000
1816,1.00000,0.00000
1817,1.00000,0.00000
1818,1.00000,0.00000
1819,0.99995,0.00005
1820,1.00000,0.00000
1821,0.96658,0.03342
1822,1.00000,0.00000
1823,0.99972,0.00028
1824,0.99995,0.00005
1825,1.00000,0.00000
1826,0.99998,0.00002
1827,1.00000,0.00000
1828,0.87070,0.12930
1829,1.00000,0.00000
1830,1.00000,0.00000
1831,0.99999,0.00001
1832,1.00000,0.00000
1833,1.00000,0.00000
1834,1.00000,0.00000
1835,0.99999,0.00001
1836,0.99771,0.00229
1837,1.00000,0.00000
1838,0.99995,0.00005
1839,0.99996,0.00004
1840,1.00000,0.00000
1841,1.00000,0.00000
1842,1.00000,0.00000
1843,1.00000,0.00000
1844,1.00000,0.00000
1845,0.93311,0.06689
1846,1.00000,0.00000
1847,1.00000,0.00000
1848,0.57683,0.42317
1849,0.99959,0.00041
1850,1.00000,0.00000
1851,1.00000,0.00000
1852,1.00000,0.00000
1853,1.00000,0.00000
1854,1.00000,0.00000
1855,1.00000,0.00000
1856,1.00000,0.00000
1857,0.99991,0.00009
1858,1.00000,0.00000
1859,1.00000,0.00000
1860,1.00000,0.00000
1861,1.00000,0.00000
1862,1.00000,0.00000
1863,1.00000,0.00000
1864,0.99990,0.00010
1865,1.00000,0.00000
1866,1.00000,0.00000
1867,1.00000,0.00000
1868,1.00000,0.00000
1869,1.00000,0.00000
1870,0.99990,0.00010
1871,1.00000,0.00000
1872,0.99954,0.00046
1873,1.00000,0.00000
1874,0.96502,0.03498
1875,1.00000,0.00000
1876,1.00000,0.00000
1877,0.99980,0.00020
1878,1.00000,0.00000
1879,0.99998,0.00002
1880,1.00000,0.00000
1881,1.00000,0.00000
1882,1.00000,0.00000
1883,1.00000,0.00000
1884,1.00000,0.00000
1885,1.00000,0.00000
1886,1.00000,0.00000
1887,1.00000,0.00000
1888,1.00000,0.00000
1889,1.00000,0.00000
1890,1.00000,0.00000
1891,1.00000,0.00000
1892,1.00000,0.00000
1893,1.00000,0.00000
1894,0.99984,0.00016
1895,1.00000,0.00000
1896,1.00000,0.00000
1897,1.00000,0.00000
1898,1.00000,0.00000
1899,1.00000,0.00000
1900,1.00000,0.00000
1901,1.00000,0.00000
1902,1.00000,0.00000
1903,1.00000,0.00000
1904,1.00000,0.00000
1905,1.00000,0.00000
1906,1.00000,0.00000
1907,1.00000,0.00000
1908,1.00000,0.00000
1909,1.00000,0.00000
1910,1.00000,0.00000
1911,1.00000,0.00000
1912,1.00000,0.00000
1913,1.00000,0.00000
1914,1.00000,0.00000
1915,1.00000,0.00000
1916,1.00000,0.00000
1917,1.00000,0.00000
1918,1.00000,0.00000
1919,1.00000,0.00000
1920,1.00000,0.00000
1921,1.00000,0.00000
1922,1.00000,0.00000
1923,1.00000,0.00000
1924,1.00000,0.00000
1925,1.00000,0.00000
1926,1.00000,0.00000
1927,1.00000,0.00000
1928,1.00000,0.00000
1929,1.00000,0.00000
1930,1.00000,0.00000
1931,1.00000,0.00000
1932,1.00000,0.00000
1933,0.99846,0.00154
1934,1.00000,0.00000
1935,1.00000,0.00000
1936,1.00000,0.00000
1937,1.00000,0.00000
1938,1.00000,0.00000
1939,1.00000,0.00000
1940,0.92407,0.07593
1941,1.00000,0.00000
1942,0.99941,0.00059
1943,1.00000,0.00000
1944,1.00000,0.00000
1945,0.97628,0.02372
1946,1.00000,0.00000
1947,1.00000,0.00000
1948,1.00000,0.00000
1949,1.00000,0.00000
1950,0.99101,0.00899
1951,1.00000,0.00000
1952,1.00000,0.00000
1953,1.00000,0.00000
1954,0.99998,0.00002
1955,1.00000,0.00000
1956,1.00000,0.00000
1957,1.00000,0.00000
1958,1.00000,0.00000
1959,1.00000,0.00000
1960,0.99101,0.00899
1961,1.00000,0.00000
1962,1.00000,0.00000
1963,1.00000,0.00000
1964,1.00000,0.00000
1965,1.00000,0.00000
1966,0.99999,0.00001
1967,1.00000,0.00000
1968,1.00000,0.00000
1969,1.00000,0.00000
1970,1.00000,0.00000
1971,1.00000,0.00000
1972,0.99942,0.00058
1973,1.00000,0.00000
1974,1.00000,0.00000
1975,1.00000,0.00000
1976,1.00000,0.00000
1977,1.00000,0.00000
1978,1.00000,0.00000
1979,1.00000,0.00000
1980,1.00000,0.00000
1981,1.00000,0.00000
1982,1.00000,0.00000
1983,1.00000,0.00000
1984,1.00000,0.00000
1985,1.00000,0.00000
1986,1.00000,0.00000
1987,1.00000,0.00000
1988,1.00000,0.00000
1989,1.00000,0.00000
1990,1.00000,0.00000
1991,1.00000,0.00000
1992,1.00000,0.00000
1993,1.00000,0.00000
1994,1.00000,0.00000
1995,1.00000,0.00000
1996,1.00000,0.00000
1997,1.00000,0.00000
1998,1.00000,0.00000
1999,1.00000,0.00000
2000,1.00000,0.00000
2001,0.99998,0.00002
2002,1.00000,0.00000
2003,1.00000,0.00000
2004,1.00000,0.00000
2005,0.96861,0.03139
2006,1.00000,0.00000
2007,0.99996,0.00004
2008,1.00000,0.00000
2009,0.99996,0.00004
2010,0.99421,0.00579
2011,0.99998,0.00002
2012,1.00000,0.00000
2013,1.00000,0.00000
2014,1.00000,0.00000
2015,1.00000,0.00000
2016,1.00000,0.00000
2017,1.00000,0.00000
2018,1.00000,0.00000
2019,1.00000,0.00000
2020,1.00000,0.00000
2021,1.00000,0.00000
2022,0.38939,0.61061
2023,1.00000,0.00000
2024,1.00000,0.00000
2025,1.00000,0.00000
2026,1.00000,0.00000
2027,1.00000,0.00000
2028,1.00000,0.00000
2029,1.00000,0.00000
2030,1.00000,0.00000
2031,1.00000,0.00000
2032,0.99506,0.00494
2033,1.00000,0.00000
2034,1.00000,0.00000
2035,0.99998,0.00002
2036,1.00000,0.00000
2037,1.00000,0.00000
2038,1.00000,0.00000
2039,1.00000,0.00000
2040,1.00000,0.00000
2041,1.00000,0.00000
2042,1.00000,0.00000
2043,0.99995,0.00005
2044,1.00000,0.00000
2045,1.00000,0.00000
2046,0.99998,0.00002
2047,1.00000,0.00000
2048,1.00000,0.00000
2049,1.00000,0.00000
2050,1.00000,0.00000
2051,1.00000,0.00000
2052,1.00000,0.00000
2053,1.00000,0.00000
2054,1.00000,0.00000
2055,0.99999,0.00001
2056,1.00000,0.00000
2057,1.00000,0.00000
2058,1.00000,0.00000
2059,0.00071,0.99929
2060,1.00000,0.00000
2061,1.00000,0.00000
2062,1.00000,0.00000
2063,1.00000,0.00000
2064,0.99997,0.00003
2065,1.00000,0.00000
2066,1.00000,0.00000
2067,1.00000,0.00000
2068,1.00000,0.00000
2069,1.00000,0.00000
2070,1.00000,0.00000
2071,1.00000,0.00000
2072,1.00000,0.00000
2073,1.00000,0.00000
2074,1.00000,0.00000
2075,0.99975,0.00025
2076,1.00000,0.00000
2077,1.00000,0.00000
2078,1.00000,0.00000
2079,1.00000,0.00000
2080,1.00000,0.00000
2081,1.00000,0.00000
2082,1.00000,0.00000
2083,1.00000,0.00000
2084,1.00000,0.00000
2085,1.00000,0.00000
2086,1.00000,0.00000
2087,1.00000,0.00000
2088,1.00000,0.00000
2089,1.00000,0.00000
2090,1.00000,0.00000
2091,1.00000,0.00000
2092,1.00000,0.00000
2093,1.00000,0.00000
2094,1.00000,0.00000
2095,0.98541,0.01459
2096,1.00000,0.00000
2097,1.00000,0.00000
2098,1.00000,0.00000
2099,1.00000,0.00000
2100,1.00000,0.00000
2101,1.00000,0.00000
2102,1.00000,0.00000
2103,1.00000,0.00000
2104,1.00000,0.00000
2105,1.00000,0.00000
2106,1.00000,0.00000
2107,1.00000,0.00000
2108,1.00000,0.00000
2109,1.00000,0.00000
2110,1.00000,0.00000
2111,1.00000,0.00000
2112,1.00000,0.00000
2113,1.00000,0.00000
2114,1.00000,0.00000
2115,1.00000,0.00000
2116,1.00000,0.00000
2117,1.00000,0.00000
2118,0.78708,0.21292
2119,1.00000,0.00000
2120,1.00000,0.00000
2121,1.00000,0.00000
2122,1.00000,0.00000
2123,1.00000,0.00000
2124,0.99917,0.00083
2125,1.00000,0.00000
2126,1.00000,0.00000
2127,1.00000,0.00000
2128,1.00000,0.00000
2129,1.00000,0.00000
2130,1.00000,0.00000
2131,1.00000,0.00000
2132,1.00000,0.00000
2133,1.00000,0.00000
2134,1.00000,0.00000
2135,1.00000,0.00000
2136,1.00000,0.00000
2137,1.00000,0.00000
2138,0.98439,0.01561
2139,1.00000,0.00000
2140,1.00000,0.00000
2141,1.00000,0.00000
2142,0.96880,0.03120
2143,0.99999,0.00001
2144,0.00007,0.99993
2145,1.00000,0.00000
2146,1.00000,0.00000
2147,1.00000,0.00000
2148,1.00000,0.00000
2149,1.00000,0.00000
2150,1.00000,0.00000
2151,1.00000,0.00000
2152,1.00000,0.00000
2153,1.00000,0.00000
2154,1.00000,0.00000
2155,1.00000,0.00000
2156,1.00000,0.00000
2157,1.00000,0.00000
2158,1.00000,0.00000
2159,1.00000,0.00000
2160,1.00000,0.00000
2161,1.00000,0.00000
2162,1.00000,0.00000
2163,1.00000,0.00000
2164,1.00000,0.00000
2165,0.99961,0.00039
2166,1.00000,0.00000
2167,1.00000,0.00000
2168,1.00000,0.00000
2169,1.00000,0.00000
2170,1.00000,0.00000
2171,1.00000,0.00000
2172,1.00000,0.00000
2173,0.99824,0.00176
2174,1.00000,0.00000
2175,1.00000,0.00000
2176,1.00000,0.00000
2177,1.00000,0.00000
2178,1.00000,0.00000
2179,1.00000,0.00000
2180,1.00000,0.00000
2181,1.00000,0.00000
2182,1.00000,0.00000
2183,1.00000,0.00000
2184,1.00000,0.00000
2185,1.00000,0.00000
2186,1.00000,0.00000
2187,1.00000,0.00000
2188,1.00000,0.00000
2189,1.00000,0.00000
2190,1.00000,0.00000
2191,0.95575,0.04425
2192,1.00000,0.00000
2193,1.00000,0.00000
2194,1.00000,0.00000
2195,1.00000,0.00000
2196,1.00000,0.00000
2197,1.00000,0.00000
2198,1.00000,0.00000
2199,1.00000,0.00000
2200,1.00000,0.00000
2201,1.00000,0.00000
2202,1.00000,0.00000
2203,1.00000,0.00000
2204,1.00000,0.00000
2205,1.00000,0.00000
2206,0.99960,0.00040
2207,1.00000,0.00000
2208,1.00000,0.00000
2209,1.00000,0.00000
2210,1.00000,0.00000
2211,0.99357,0.00643
2212,1.00000,0.00000
2213,1.00000,0.00000
2214,1.00000,0.00000
2215,1.00000,0.00000
2216,1.00000,0.00000
2217,1.00000,0.00000
2218,1.00000,0.00000
2219,1.00000,0.00000
2220,1.00000,0.00000
2221,1.00000,0.00000
2222,1.00000,0.00000
2223,1.00000,0.00000
2224,1.00000,0.00000
2225,1.00000,0.00000
2226,1.00000,0.00000
2227,1.00000,0.00000
2228,1.00000,0.00000
2229,1.00000,0.00000
2230,1.00000,0.00000
2231,1.00000,0.00000
2232,1.00000,0.00000
2233,1.00000,0.00000
2234,1.00000,0.00000
2235,1.00000,0.00000
2236,1.00000,0.00000
2237,1.00000,0.00000
2238,1.00000,0.00000
2239,1.00000,0.00000
2240,1.00000,0.00000
2241,1.00000,0.00000
2242,1.00000,0.00000
2243,1.00000,0.00000
2244,1.00000,0.00000
2245,1.00000,0.00000
2246,1.00000,0.00000
2247,1.00000,0.00000
2248,1.00000,0.00000
2249,0.99981,0.00019
2250,0.98884,0.01116
2251,1.00000,0.00000
2252,1.00000,0.00000
2253,1.00000,0.00000
2254,1.00000,0.00000
2255,0.99999,0.00001
2256,1.00000,0.00000
2257,0.99979,0.00021
2258,0.99979,0.00021
2259,1.00000,0.00000
2260,0.99967,0.00033
2261,1.00000,0.00000
2262,1.00000,0.00000
2263,1.00000,0.00000
2264,0.98971,0.01029
2265,0.99991,0.00009
2266,1.00000,0.00000
2267,1.00000,0.00000
2268,1.00000,0.00000
2269,1.00000,0.00000
2270,1.00000,0.00000
2271,1.00000,0.00000
2272,1.00000,0.00000
2273,1.00000,0.00000
2274,1.00000,0.00000
2275,1.00000,0.00000
2276,1.00000,0.00000
2277,1.00000,0.00000
2278,0.04694,0.95306
2279,1.00000,0.00000
2280,1.00000,0.00000
2281,0.98777,0.01223
2282,1.00000,0.00000
2283,1.00000,0.00000
2284,1.00000,0.00000
2285,1.00000,0.00000
2286,1.00000,0.00000
2287,1.00000,0.00000
2288,1.00000,0.00000
2289,1.00000,0.00000
2290,1.00000,0.00000
2291,1.00000,0.00000
2292,1.00000,0.00000
2293,1.00000,0.00000
2294,0.99962,0.00038
2295,1.00000,0.00000
2296,1.00000,0.00000
2297,1.00000,0.00000
2298,1.00000,0.00000
2299,1.00000,0.00000
2300,1.00000,0.00000
2301,1.00000,0.00000
2302,1.00000,0.00000
2303,1.00000,0.00000
2304,1.00000,0.00000
2305,1.00000,0.00000
2306,1.00000,0.00000
2307,1.00000,0.00000
2308,1.00000,0.00000
2309,1.00000,0.00000
2310,0.99129,0.00871
2311,0.99997,0.00003
2312,1.00000,0.00000
2313,1.00000,0.00000
2314,0.99997,0.00003
2315,1.00000,0.00000
2316,1.00000,0.00000
2317,0.99997,0.00003
2318,1.00000,0.00000
2319,1.00000,0.00000
2320,1.00000,0.00000
2321,1.00000,0.00000
2322,0.99965,0.00035
2323,1.00000,0.00000
2324,1.00000,0.00000
2325,1.00000,0.00000
2326,1.00000,0.00000
2327,1.00000,0.00000
2328,1.00000,0.00000
2329,0.99997,0.00003
2330,1.00000,0.00000
2331,1.00000,0.00000
2332,1.00000,0.00000
2333,1.00000,0.00000
2334,0.99997,0.00003
2335,1.00000,0.00000
2336,1.00000,0.00000
2337,1.00000,0.00000
2338,1.00000,0.00000
2339,1.00000,0.00000
2340,1.00000,0.00000
2341,1.00000,0.00000
2342,1.00000,0.00000
2343,1.00000,0.00000
2344,0.99944,0.00056
2345,1.00000,0.00000
2346,1.00000,0.00000
2347,0.00035,0.99965
2348,1.00000,0.00000
2349,1.00000,0.00000
2350,1.00000,0.00000
2351,1.00000,0.00000
2352,0.99994,0.00006
2353,1.00000,0.00000
2354,1.00000,0.00000
2355,1.00000,0.00000
2356,1.00000,0.00000
2357,1.00000,0.00000
2358,1.00000,0.00000
2359,0.99648,0.00352
2360,1.00000,0.00000
2361,1.00000,0.00000
2362,1.00000,0.00000
2363,1.00000,0.00000
2364,1.00000,0.00000
2365,1.00000,0.00000
2366,1.00000,0.00000
2367,1.00000,0.00000
2368,1.00000,0.00000
2369,1.00000,0.00000
2370,1.00000,0.00000
2371,1.00000,0.00000
2372,1.00000,0.00000
2373,1.00000,0.00000
2374,1.00000,0.00000
2375,1.00000,0.00000
2376,1.00000,0.00000
2377,1.00000,0.00000
2378,1.00000,0.00000
2379,0.95218,0.04782
2380,1.00000,0.00000
2381,1.00000,0.00000
2382,1.00000,0.00000
2383,1.00000,0.00000
2384,1.00000,0.00000
2385,1.00000,0.00000
2386,1.00000,0.00000
2387,0.94708,0.05292
2388,1.00000,0.00000
2389,1.00000,0.00000
2390,1.00000,0.00000
2391,1.00000,0.00000
2392,1.00000,0.00000
2393,1.00000,0.00000
2394,1.00000,0.00000
2395,1.00000,0.00000
2396,1.00000,0.00000
2397,0.99999,0.00001
2398,0.99953,0.00047
2399,1.00000,0.00000
2400,1.00000,0.00000
2401,1.00000,0.00000
2402,0.99998,0.00002
2403,1.00000,0.00000
2404,1.00000,0.00000
2405,0.99988,0.00012
2406,1.00000,0.00000
2407,1.00000,0.00000
2408,1.00000,0.00000
2409,1.00000,0.00000
2410,1.00000,0.00000
2411,1.00000,0.00000
2412,1.00000,0.00000
2413,1.00000,0.00000
2414,1.00000,0.00000
2415,0.99037,0.00963
2416,0.99991,0.00009
2417,1.00000,0.00000
2418,1.00000,0.00000
2419,1.00000,0.00000
2420,1.00000,0.00000
2421,1.00000,0.00000
2422,1.00000,0.00000
2423,1.00000,0.00000
2424,1.00000,0.00000
2425,1.00000,0.00000
2426,1.00000,0.00000
2427,1.00000,0.00000
2428,1.00000,0.00000
2429,1.00000,0.00000
2430,1.00000,0.00000
2431,0.99913,0.00087
2432,1.00000,0.00000
2433,0.35775,0.64225
2434,1.00000,0.00000
2435,1.00000,0.00000
2436,1.00000,0.00000
2437,1.00000,0.00000
2438,1.00000,0.00000
2439,1.00000,0.00000
2440,1.00000,0.00000
2441,1.00000,0.00000
2442,1.00000,0.00000
2443,1.00000,0.00000
2444,1.00000,0.00000
2445,0.95397,0.04603
2446,1.00000,0.00000
2447,0.33510,0.66490
2448,0.00000,1.00000
2449,1.00000,0.00000
2450,1.00000,0.00000
2451,1.00000,0.00000
2452,0.99998,0.00002
2453,1.00000,0.00000
2454,1.00000,0.00000
2455,0.00140,0.99860
2456,1.00000,0.00000
2457,1.00000,0.00000
2458,1.00000,0.00000
2459,1.00000,0.00000
2460,1.00000,0.00000
2461,0.99999,0.00001
2462,1.00000,0.00000
2463,0.99998,0.00002
2464,1.00000,0.00000
2465,1.00000,0.00000
2466,0.77763,0.22237
2467,1.00000,0.00000
2468,1.00000,0.00000
2469,1.00000,0.00000
2470,1.00000,0.00000
2471,1.00000,0.00000
2472,1.00000,0.00000
2473,1.00000,0.00000
2474,1.00000,0.00000
2475,1.00000,0.00000
2476,1.00000,0.00000
2477,1.00000,0.00000
2478,1.00000,0.00000
2479,1.00000,0.00000
2480,1.00000,0.00000
2481,0.99851,0.00149
2482,0.97486,0.02514
2483,1.00000,0.00000
2484,1.00000,0.00000
2485,1.00000,0.00000
2486,1.00000,0.00000
2487,1.00000,0.00000
2488,1.00000,0.00000
2489,1.00000,0.00000
2490,0.99997,0.00003
2491,1.00000,0.00000
2492,1.00000,0.00000
2493,1.00000,0.00000
2494,1.00000,0.00000
2495,1.00000,0.00000
2496,1.00000,0.00000
2497,0.99971,0.00029
2498,1.00000,0.00000
2499,1.00000,0.00000
2500,1.00000,0.00000
2501,1.00000,0.00000
2502,1.00000,0.00000
2503,1.00000,0.00000
2504,0.99986,0.00014
2505,0.99998,0.00002
2506,0.93720,0.06280
2507,1.00000,0.00000
2508,1.00000,0.00000
2509,1.00000,0.00000
2510,1.00000,0.00000
2511,1.00000,0.00000
2512,1.00000,0.00000
2513,1.00000,0.00000
2514,1.00000,0.00000
2515,1.00000,0.00000
2516,1.00000,0.00000
2517,1.00000,0.00000
2518,1.00000,0.00000
2519,0.99998,0.00002
2520,1.00000,0.00000
2521,1.00000,0.00000
2522,1.00000,0.00000
2523,1.00000,0.00000
2524,1.00000,0.00000
2525,1.00000,0.00000
2526,1.00000,0.00000
2527,1.00000,0.00000
2528,1.00000,0.00000
2529,1.00000,0.00000
2530,1.00000,0.00000
2531,1.00000,0.00000
2532,1.00000,0.00000
2533,1.00000,0.00000
2534,1.00000,0.00000
2535,1.00000,0.00000
2536,1.00000,0.00000
2537,1.00000,0.00000
2538,1.00000,0.00000
2539,1.00000,0.00000
2540,1.00000,0.00000
2541,1.00000,0.00000
2542,0.99844,0.00156
2543,0.99723,0.00277
2544,0.99937,0.00063
2545,1.00000,0.00000
2546,0.58025,0.41975
2547,0.83385,0.16615
2548,1.00000,0.00000
2549,1.00000,0.00000
2550,1.00000,0.00000
2551,0.83385,0.16615
2552,1.00000,0.00000
2553,0.83385,0.16615
2554,1.00000,0.00000
2555,0.99844,0.00156
2556,0.99844,0.00156
2557,1.00000,0.00000
2558,1.00000,0.00000
2559,1.00000,0.00000
2560,1.00000,0.00000
2561,0.99844,0.00156
2562,1.00000,0.00000
2563,1.00000,0.00000
2564,0.42204,0.57796
2565,1.00000,0.00000
2566,0.99999,0.00001
2567,0.99999,0.00001
2568,1.00000,0.00000
2569,1.00000,0.00000
2570,0.58230,0.41770
2571,1.00000,0.00000
2572,1.00000,0.00000
2573,1.00000,0.00000
2574,1.00000,0.00000
2575,0.99598,0.00402
2576,0.92140,0.07860
2577,1.00000,0.00000
2578,1.00000,0.00000
2579,1.00000,0.00000
2580,1.00000,0.00000
2581,1.00000,0.00000
2582,1.00000,0.00000
2583,1.00000,0.00000
2584,1.00000,0.00000
2585,0.00001,0.99999
2586,1.00000,0.00000
2587,1.00000,0.00000
2588,1.00000,0.00000
2589,1.00000,0.00000
2590,1.00000,0.00000
2591,1.00000,0.00000
2592,1.00000,0.00000
2593,1.00000,0.00000
2594,1.00000,0.00000
2595,1.00000,0.00000
2596,1.00000,0.00000
2597,1.00000,0.00000
2598,1.00000,0.00000
2599,1.00000,0.00000
2600,1.00000,0.00000
2601,0.99996,0.00004
2602,1.00000,0.00000
2603,1.00000,0.00000
2604,1.00000,0.00000
2605,1.00000,0.00000
2606,1.00000,0.00000
2607,1.00000,0.00000
2608,1.00000,0.00000
2609,1.00000,0.00000
2610,1.00000,0.00000
2611,1.00000,0.00000
2612,1.00000,0.00000
2613,1.00000,0.00000
2614,1.00000,0.00000
2615,1.00000,0.00000
2616,1.00000,0.00000
2617,1.00000,0.00000
2618,1.00000,0.00000
2619,1.00000,0.00000
2620,1.00000,0.00000
2621,0.98808,0.01192
2622,0.99999,0.00001
2623,1.00000,0.00000
2624,1.00000,0.00000
2625,1.00000,0.00000
2626,1.00000,0.00000
2627,0.97609,0.02391
2628,1.00000,0.00000
2629,1.00000,0.00000
2630,1.00000,0.00000
2631,1.00000,0.00000
2632,1.00000,0.00000
2633,1.00000,0.00000
2634,1.00000,0.00000
2635,1.00000,0.00000
2636,1.00000,0.00000
2637,1.00000,0.00000
2638,1.00000,0.00000
2639,0.99999,0.00001
2640,1.00000,0.00000
2641,1.00000,0.00000
2642,1.00000,0.00000
2643,0.99988,0.00012
2644,1.00000,0.00000
2645,1.00000,0.00000
2646,1.00000,0.00000
2647,1.00000,0.00000
2648,1.00000,0.00000
2649,1.00000,0.00000
2650,1.00000,0.00000
2651,1.00000,0.00000
2652,1.00000,0.00000
2653,0.99999,0.00001
2654,1.00000,0.00000
2655,1.00000,0.00000
2656,1.00000,0.00000
2657,0.99999,0.00001
2658,1.00000,0.00000
2659,0.99974,0.00026
2660,1.00000,0.00000
2661,1.00000,0.00000
2662,1.00000,0.00000
2663,1.00000,0.00000
2664,1.00000,0.00000
2665,1.00000,0.00000
2666,1.00000,0.00000
2667,1.00000,0.00000
2668,1.00000,0.00000
2669,1.00000,0.00000
2670,1.00000,0.00000
2671,1.00000,0.00000
2672,1.00000,0.00000
2673,1.00000,0.00000
2674,1.00000,0.00000
2675,1.00000,0.00000
2676,1.00000,0.00000
2677,1.00000,0.00000
2678,1.00000,0.00000
2679,1.00000,0.00000
2680,1.00000,0.00000
2681,1.00000,0.00000
2682,0.99869,0.00131
2683,1.00000,0.00000
2684,1.00000,0.00000
2685,1.00000,0.00000
2686,1.00000,0.00000
2687,1.00000,0.00000
2688,1.00000,0.00000
2689,1.00000,0.00000
2690,1.00000,0.00000
2691,1.00000,0.00000
2692,0.92223,0.07777
2693,1.00000,0.00000
2694,0.07762,0.92238
2695,0.99999,0.00001
2696,0.97609,0.02391
2697,1.00000,0.00000
2698,1.00000,0.00000
2699,1.00000,0.00000
2700,1.00000,0.00000
2701,1.00000,0.00000
2702,1.00000,0.00000
2703,1.00000,0.00000
2704,1.00000,0.00000
2705,1.00000,0.00000
2706,0.99669,0.00331
2707,1.00000,0.00000
2708,1.00000,0.00000
2709,0.95125,0.04875
2710,1.00000,0.00000
2711,1.00000,0.00000
2712,1.00000,0.00000
2713,1.00000,0.00000
2714,0.99746,0.00254
2715,1.00000,0.00000
2716,1.00000,0.00000
2717,1.00000,0.00000
2718,1.00000,0.00000
2719,1.00000,0.00000
2720,1.00000,0.00000
2721,1.00000,0.00000
2722,1.00000,0.00000
2723,1.00000,0.00000
2724,1.00000,0.00000
2725,1.00000,0.00000
2726,0.99482,0.00518
2727,1.00000,0.00000
2728,1.00000,0.00000
2729,1.00000,0.00000
2730,1.00000,0.00000
2731,1.00000,0.00000
2732,1.00000,0.00000
2733,0.25644,0.74356
2734,1.00000,0.00000
2735,1.00000,0.00000
2736,1.00000,0.00000
2737,1.00000,0.00000
2738,1.00000,0.00000
2739,1.00000,0.00000
2740,1.00000,0.00000
2741,1.00000,0.00000
2742,1.00000,0.00000
2743,1.00000,0.00000
2744,1.00000,0.00000
2745,1.00000,0.00000
2746,1.00000,0.00000
2747,1.00000,0.00000
2748,1.00000,0.00000
2749,1.00000,0.00000
2750,1.00000,0.00000
2751,1.00000,0.00000
2752,1.00000,0.00000
2753,1.00000,0.00000
2754,1.00000,0.00000
2755,1.00000,0.00000
2756,1.00000,0.00000
2757,1.00000,0.00000
2758,1.00000,0.00000
2759,1.00000,0.00000
2760,1.00000,0.00000
2761,1.00000,0.00000
2762,1.00000,0.00000
2763,1.00000,0.00000
2764,1.00000,0.00000
2765,0.99342,0.00658
2766,0.06897,0.93103
2767,0.48934,0.51066
2768,0.37240,0.62760
2769,1.00000,0.00000
2770,0.99999,0.00001
2771,1.00000,0.00000
